40156,0
15632,1
36956,2
34157,3
4953,4
14614,5
32394,6
32769,7
31013,8
14889,9
9186,10
14179,11
4099,12
14784,13
6576,14
43548,15
49272,16
1049,17
7017,18
6445,19
1364,20
2843,21
6909,22
375755,23
6249,24
10858,25
75457,26
332,27
8758,28
11986,29
13831,30
30340,31
32757,32
67334,33
35015,34
36462,35
375069,36
4453,37
6327,38
7101,39
60992,40
9654,41
10274,42
4954,43
8047,44
11542,45
60638,46
131151,47
5285,48
10573,49
14515,50
25769,51
35889,52
67792,53
103581,54
12970,55
30711,56
34952,57
36121,58
36351,59
82984,60
128733,61
129045,62
7771,63
15394,64
30440,65
32138,66
64884,67
3511,68
7258,69
33073,70
35383,71
81684,72
2905,73
6828,74
14520,75
35311,76
36083,77
36780,78
73719,79
76663,80
88855,81
89764,82
381164,83
594,84
768,85
918,86
7107,87
8960,88
14096,89
53294,90
68131,91
79141,92
2866,93
3113,94
7096,95
7492,96
22046,97
34797,98
34972,99
35378,100
35734,101
49920,102
69276,103
70368,104
181750,105
1255,106
1702,107
2322,108
2453,109
5275,110
5400,111
7268,112
7589,113
9582,114
30720,115
35106,116
36992,117
74782,118
90068,119
90884,120
124306,121
126492,122
45,123
488,124
1189,125
1253,126
2633,127
4523,128
6961,129
9460,130
14620,131
32826,132
34804,133
36334,134
40986,135
90565,136
204060,137
2115,138
2377,139
3093,140
3439,141
6240,142
6582,143
7985,144
10147,145
16652,146
30792,147
34990,148
35261,149
36885,150
57539,151
64100,152
89725,153
6428,154
7005,155
8000,156
8848,157
9752,158
10352,159
11250,160
11700,161
11816,162
274954,163
13327,164
17415,165
23370,166
30059,167
31160,168
32135,169
32756,170
57107,171
62086,172
70797,173
81988,174
387,175
777,176
2399,177
3138,178
5288,179
11000,180
12726,181
20486,182
24935,183
33567,184
35369,185
36101,186
41874,187
46935,188
58565,189
83866,190
84405,191
87320,192
377089,193
126325,194
128785,195
142338,196
204989,197
764,198
2815,199
2820,200
3655,201
4562,202
4885,203
5582,204
6297,205
6440,206
6850,207
7481,208
8104,209
9249,210
10354,211
10617,212
13283,213
25149,214
25645,215
30165,216
31395,217
31629,218
34401,219
43546,220
45852,221
47586,222
74925,223
76264,224
83484,225
379857,226
133052,227
169560,228
465,229
2756,230
2863,231
2920,232
3148,233
4320,234
6870,235
6913,236
7956,237
9476,238
13360,239
14447,240
14526,241
23016,242
23284,243
30739,244
41750,245
49585,246
58385,247
68530,248
68986,249
80317,250
90273,251
90622,252
376727,253
128634,254
188217,255
60,256
913,257
1356,258
3489,259
4950,260
7010,261
8159,262
9617,263
10607,264
12962,265
13293,266
13629,267
14536,268
14860,269
14912,270
34382,271
35980,272
40464,273
46871,274
48576,275
58166,276
58736,277
66004,278
68398,279
80451,280
376973,281
388617,282
801,283
5031,284
6848,285
7015,286
8028,287
9642,288
10746,289
10805,290
11057,291
11354,292
13960,293
22894,294
27312,295
28821,296
30580,297
30895,298
31313,299
31570,300
31574,301
32327,302
32665,303
33159,304
34968,305
35772,306
35888,307
36548,308
36642,309
36688,310
36881,311
36884,312
47357,313
47818,314
57583,315
58958,316
67416,317
68533,318
69350,319
69390,320
79178,321
79956,322
85469,323
86715,324
90035,325
98665,326
375219,327
376414,328
380074,329
381687,330
124630,331
125290,332
126514,333
392208,334
130138,335
161039,336
923,337
1805,338
3011,339
3666,340
3719,341
5583,342
5659,343
7249,344
7783,345
8158,346
8383,347
8742,348
10787,349
11385,350
12208,351
12862,352
13804,353
23945,354
24058,355
25348,356
27268,357
32005,358
33969,359
34038,360
34154,361
34472,362
35473,363
39353,364
53307,365
60663,366
68981,367
68984,368
79218,369
80334,370
90774,371
374791,372
376301,373
383035,374
122788,375
204767,376
208817,377
882,378
1285,379
1839,380
1907,381
1981,382
2279,383
2919,384
3122,385
3395,386
3541,387
5301,388
7020,389
7095,390
8342,391
10295,392
11338,393
11945,394
12948,395
13064,396
14622,397
14850,398
18723,399
20675,400
26219,401
30761,402
30975,403
31092,404
31710,405
32338,406
33459,407
33890,408
34915,409
36255,410
36602,411
36643,412
38268,413
45487,414
45949,415
46007,416
57283,417
58131,418
58579,419
59203,420
60913,421
67313,422
78666,423
80645,424
84268,425
88729,426
90568,427
125065,428
128781,429
131257,430
162348,431
171541,432
175658,433
260206,434
1260,435
1705,436
2921,437
3024,438
5132,439
5417,440
6566,441
8329,442
8597,443
8826,444
9539,445
9699,446
9971,447
10177,448
10450,449
10467,450
10691,451
10747,452
10951,453
11815,454
12792,455
12841,456
13520,457
13851,458
14248,459
14408,460
14517,461
14596,462
15397,463
15555,464
16553,465
17885,466
18174,467
19149,468
20313,469
22135,470
30181,471
30981,472
31322,473
31511,474
31981,475
32209,476
34491,477
35150,478
36364,479
36685,480
37082,481
37787,482
44119,483
46931,484
49804,485
51974,486
55952,487
59345,488
59851,489
62904,490
64246,491
64359,492
65921,493
69421,494
71394,495
77232,496
80043,497
82729,498
88379,499
89941,500
95219,501
95808,502
105842,503
128197,504
130771,505
131160,506
134226,507
136400,508
403671,509
173672,510
192930,511
504,512
647,513
907,514
2148,515
2670,516
3617,517
5413,518
5516,519
5766,520
5787,521
6544,522
7821,523
8078,524
8320,525
8886,526
9879,527
9989,528
10133,529
10162,530
10196,531
10565,532
12262,533
12315,534
12316,535
12352,536
12445,537
13695,538
13931,539
14127,540
14311,541
14529,542
14896,543
18790,544
19909,545
24566,546
25270,547
28195,548
30084,549
30122,550
30248,551
30539,552
31083,553
32758,554
34641,555
35409,556
35418,557
36425,558
46895,559
47017,560
48439,561
49115,562
51304,563
53598,564
54168,565
57674,566
57961,567
63532,568
68966,569
68979,570
69013,571
70487,572
71376,573
74837,574
77299,575
80428,576
83849,577
90621,578
90732,579
375888,580
375966,581
377403,582
129850,583
160851,584
178919,585
197670,586
203487,587
206093,588
110,589
1087,590
1788,591
2006,592
2176,593
2645,594
2723,595
2877,596
3131,597
4076,598
4168,599
5033,600
5140,601
5780,602
5951,603
7442,604
7726,605
8328,606
9291,607
9992,608
10276,609
11123,610
11183,611
11377,612
12034,613
13693,614
13791,615
14027,616
14072,617
14098,618
14383,619
14448,620
14652,621
14895,622
16002,623
19636,624
21890,625
21958,626
22702,627
23180,628
24167,629
25043,630
25273,631
25432,632
28593,633
29545,634
30329,635
31400,636
32216,637
32268,638
33050,639
33111,640
33228,641
33313,642
33525,643
34142,644
34698,645
35235,646
35408,647
36340,648
36608,649
37156,650
40126,651
41935,652
42482,653
43530,654
44064,655
45925,656
47765,657
47926,658
49790,659
51221,660
55074,661
58638,662
59000,663
68072,664
68996,665
69042,666
69239,667
69867,668
70989,669
79130,670
80461,671
81081,672
82091,673
83920,674
90483,675
90743,676
102323,677
113634,678
376952,679
121986,680
124958,681
125140,682
125851,683
128966,684
132840,685
136025,686
136227,687
140129,688
415713,689
176017,690
181658,691
194221,692
203488,693
204820,694
211659,695
374,696
704,697
894,698
1596,699
1979,700
2103,701
2160,702
2229,703
2521,704
2581,705
2650,706
2750,707
3115,708
3299,709
3687,710
4053,711
4540,712
5348,713
5414,714
5513,715
5521,716
5819,717
6469,718
6665,719
6779,720
6875,721
7075,722
7360,723
7457,724
7685,725
8008,726
8022,727
8327,728
8404,729
9154,730
9313,731
9338,732
9437,733
9515,734
9571,735
9616,736
10091,737
10301,738
11135,739
11519,740
11693,741
12072,742
12221,743
12449,744
13029,745
13296,746
13362,747
13630,748
13696,749
13972,750
14869,751
15998,752
16148,753
17828,754
19872,755
19906,756
19944,757
20925,758
21133,759
23724,760
24546,761
24674,762
24755,763
25189,764
25211,765
25257,766
25287,767
27174,768
27198,769
29685,770
30254,771
30370,772
30507,773
30572,774
30591,775
30817,776
30894,777
30996,778
31484,779
31793,780
32090,781
32255,782
32408,783
32773,784
32870,785
33177,786
33404,787
33644,788
34053,789
34190,790
34260,791
34310,792
35051,793
35380,794
35381,795
35404,796
35967,797
36195,798
36322,799
36333,800
36522,801
36732,802
37451,803
37940,804
38817,805
39068,806
39360,807
45493,808
46840,809
47792,810
47917,811
49562,812
53484,813
54803,814
58581,815
59312,816
61431,817
64821,818
65027,819
65360,820
67311,821
69179,822
71236,823
71299,824
72190,825
74109,826
74887,827
80133,828
81439,829
83190,830
85517,831
85849,832
85888,833
86216,834
89283,835
89286,836
99648,837
102819,838
103161,839
376542,840
378421,841
126435,842
128087,843
128778,844
128833,845
130883,846
132173,847
136360,848
137028,849
160109,850
175626,851
175655,852
255379,853
49,854
170,855
474,856
607,857
2389,858
2395,859
3043,860
3205,861
4535,862
5186,863
5293,864
5446,865
5595,866
5949,867
6422,868
6572,869
6681,870
6731,871
6837,872
6935,873
7016,874
7250,875
7276,876
7730,877
8867,878
9053,879
9308,880
9758,881
9794,882
10182,883
10992,884
11180,885
11616,886
11908,887
12336,888
13077,889
13557,890
13749,891
13841,892
14000,893
14210,894
14289,895
14530,896
14890,897
16470,898
19155,899
281512,900
19556,901
19823,902
19850,903
24773,904
25487,905
28794,906
29847,907
30444,908
30627,909
31027,910
31053,911
31273,912
31375,913
31460,914
31923,915
32464,916
32718,917
33157,918
33416,919
34216,920
34911,921
35267,922
35297,923
35714,924
36461,925
36473,926
36734,927
36796,928
37311,929
38460,930
39320,931
40210,932
40546,933
45326,934
47289,935
47625,936
47902,937
49766,938
50472,939
51459,940
57526,941
58026,942
58181,943
60636,944
60709,945
63768,946
68663,947
68980,948
69036,949
69445,950
69587,951
74821,952
75342,953
75955,954
82842,955
84723,956
86259,957
86512,958
87342,959
89704,960
90534,961
90757,962
92929,963
117285,964
380081,965
126696,966
128604,967
129108,968
133406,969
136261,970
144281,971
163227,972
163639,973
166206,974
169687,975
169781,976
169782,977
169828,978
175652,979
176612,980
177869,981
179616,982
198997,983
206051,984
207857,985
116,986
444,987
1211,988
1803,989
2172,990
2373,991
2449,992
2548,993
2780,994
2873,995
3246,996
3337,997
3731,998
4442,999
4594,1000
4765,1001
4991,1002
5481,1003
6233,1004
6417,1005
6432,1006
6449,1007
6496,1008
6502,1009
6931,1010
7018,1011
7504,1012
7703,1013
7747,1014
7989,1015
8143,1016
8500,1017
9085,1018
9303,1019
9371,1020
9575,1021
9700,1022
9739,1023
10349,1024
10376,1025
10589,1026
10953,1027
11032,1028
11450,1029
11707,1030
11904,1031
12159,1032
12249,1033
12925,1034
13046,1035
13065,1036
13190,1037
13432,1038
13453,1039
13472,1040
13887,1041
13956,1042
14391,1043
16663,1044
17980,1045
18867,1046
19151,1047
19455,1048
21459,1049
22570,1050
22615,1051
24582,1052
24662,1053
24663,1054
25109,1055
26160,1056
29813,1057
30311,1058
30461,1059
30618,1060
30623,1061
30938,1062
31329,1063
31458,1064
31469,1065
31583,1066
31936,1067
32226,1068
32970,1069
33475,1070
33534,1071
34081,1072
34101,1073
34212,1074
34215,1075
34479,1076
34558,1077
34818,1078
35039,1079
35071,1080
35338,1081
35415,1082
35719,1083
35824,1084
35874,1085
35894,1086
36353,1087
36463,1088
36481,1089
36486,1090
36518,1091
36809,1092
36842,1093
36879,1094
36945,1095
37116,1096
38012,1097
40908,1098
41214,1099
46936,1100
47126,1101
50885,1102
51125,1103
53328,1104
54281,1105
55989,1106
57798,1107
58240,1108
58444,1109
58640,1110
58966,1111
59179,1112
59386,1113
59732,1114
60077,1115
63798,1116
65352,1117
66044,1118
66675,1119
67466,1120
67529,1121
67698,1122
68703,1123
69197,1124
69466,1125
69945,1126
70066,1127
70766,1128
71171,1129
72214,1130
76878,1131
80781,1132
81007,1133
82187,1134
83535,1135
83672,1136
83760,1137
83972,1138
85529,1139
85882,1140
88665,1141
90284,1142
90364,1143
90724,1144
113381,1145
375647,1146
126127,1147
126659,1148
129279,1149
133645,1150
138374,1151
148131,1152
160706,1153
160899,1154
424039,1155
167947,1156
171431,1157
176011,1158
177170,1159
188178,1160
206092,1161
198,1162
202,1163
375,1164
523,1165
1127,1166
1132,1167
1281,1168
1453,1169
1530,1170
1885,1171
1914,1172
1980,1173
1988,1174
2031,1175
2231,1176
2335,1177
2415,1178
2544,1179
2867,1180
2994,1181
3538,1182
3565,1183
4412,1184
4718,1185
4761,1186
4788,1187
4868,1188
4956,1189
5193,1190
5321,1191
5352,1192
5489,1193
5530,1194
5667,1195
6575,1196
6939,1197
7040,1198
7448,1199
7468,1200
7820,1201
7889,1202
7918,1203
7982,1204
8141,1205
8397,1206
8487,1207
8644,1208
8715,1209
8963,1210
9037,1211
10206,1212
10452,1213
10536,1214
10741,1215
10983,1216
11119,1217
11121,1218
11300,1219
11388,1220
11664,1221
11733,1222
11855,1223
12448,1224
12857,1225
13062,1226
13127,1227
13288,1228
13591,1229
13663,1230
13737,1231
13746,1232
13757,1233
13941,1234
13990,1235
14273,1236
14525,1237
14767,1238
14816,1239
15654,1240
16120,1241
17574,1242
17938,1243
19791,1244
20463,1245
20484,1246
20837,1247
21420,1248
21996,1249
22941,1250
22974,1251
24436,1252
25826,1253
27322,1254
28161,1255
30260,1256
30335,1257
30562,1258
31248,1259
31403,1260
31464,1261
31579,1262
31815,1263
32166,1264
32189,1265
32627,1266
32830,1267
32902,1268
33070,1269
33149,1270
33172,1271
33373,1272
33548,1273
33695,1274
34743,1275
34815,1276
35757,1277
35954,1278
36011,1279
36460,1280
36572,1281
36878,1282
39623,1283
40078,1284
40350,1285
40592,1286
40834,1287
42775,1288
45882,1289
47286,1290
48383,1291
49442,1292
49959,1293
50425,1294
51257,1295
51329,1296
52731,1297
55209,1298
55272,1299
55379,1300
57662,1301
57937,1302
58164,1303
59965,1304
60555,1305
62429,1306
62853,1307
64009,1308
64067,1309
65697,1310
67898,1311
68352,1312
69174,1313
69822,1314
70798,1315
73224,1316
74840,1317
75722,1318
76002,1319
78281,1320
79577,1321
79910,1322
80245,1323
80775,1324
82270,1325
83526,1326
86227,1327
87260,1328
88173,1329
98308,1330
99541,1331
102747,1332
375220,1333
376725,1334
376998,1335
115147,1336
378237,1337
379322,1338
118421,1339
380850,1340
119423,1341
122145,1342
122215,1343
124511,1344
124860,1345
125890,1346
126547,1347
126584,1348
390568,1349
130774,1350
135838,1351
148860,1352
151312,1353
160739,1354
162544,1355
162787,1356
164406,1357
166670,1358
169597,1359
172382,1360
174921,1361
175713,1362
198936,1363
61,1364
382,1365
671,1366
908,1367
934,1368
954,1369
958,1370
1018,1371
1150,1372
1483,1373
1503,1374
1607,1375
1880,1376
2208,1377
2287,1378
2458,1379
3348,1380
3451,1381
3453,1382
3904,1383
3975,1384
4084,1385
4104,1386
4391,1387
4456,1388
4515,1389
5425,1390
5842,1391
5855,1392
6076,1393
6078,1394
6135,1395
6216,1396
6322,1397
6565,1398
6639,1399
6697,1400
7129,1401
7270,1402
7271,1403
7590,1404
7837,1405
7914,1406
8367,1407
8774,1408
9098,1409
9366,1410
9906,1411
9999,1412
10002,1413
10095,1414
10118,1415
10219,1416
10524,1417
10535,1418
10784,1419
11746,1420
11928,1421
12006,1422
12059,1423
12319,1424
12397,1425
13281,1426
13766,1427
13805,1428
13962,1429
13971,1430
14235,1431
14299,1432
14310,1433
14345,1434
14460,1435
14518,1436
14616,1437
14775,1438
15218,1439
15567,1440
15917,1441
18140,1442
18583,1443
18965,1444
19417,1445
19459,1446
19706,1447
20205,1448
21115,1449
21321,1450
21327,1451
21468,1452
21847,1453
22218,1454
22713,1455
22926,1456
24804,1457
25088,1458
25160,1459
25615,1460
25654,1461
26518,1462
26582,1463
26954,1464
27594,1465
28641,1466
28856,1467
29022,1468
30117,1469
30293,1470
30366,1471
30405,1472
30587,1473
30588,1474
31062,1475
31319,1476
31321,1477
31359,1478
31669,1479
32232,1480
32259,1481
32602,1482
32706,1483
32873,1484
33037,1485
33120,1486
33557,1487
33585,1488
33914,1489
34169,1490
34486,1491
34530,1492
34723,1493
34771,1494
35239,1495
35397,1496
35467,1497
35663,1498
36252,1499
36314,1500
36854,1501
36877,1502
37901,1503
39196,1504
39340,1505
40615,1506
40697,1507
40921,1508
41329,1509
42197,1510
42608,1511
44775,1512
45307,1513
45730,1514
46684,1515
46708,1516
47069,1517
47864,1518
48580,1519
52255,1520
54721,1521
56187,1522
57532,1523
57802,1524
57923,1525
58132,1526
58305,1527
59736,1528
60821,1529
61472,1530
62409,1531
64226,1532
64594,1533
65234,1534
66358,1535
67167,1536
67846,1537
68276,1538
68737,1539
68938,1540
69041,1541
70194,1542
72404,1543
72562,1544
73107,1545
73391,1546
74297,1547
75104,1548
75267,1549
77566,1550
78214,1551
79911,1552
80636,1553
81128,1554
81748,1555
82535,1556
82807,1557
83463,1558
83540,1559
85241,1560
85574,1561
86278,1562
86846,1563
87141,1564
88766,1565
89399,1566
351964,1567
89912,1568
90349,1569
91685,1570
97014,1571
108874,1572
111496,1573
374973,1574
375074,1575
375081,1576
375898,1577
376279,1578
380235,1579
380646,1580
381927,1581
126154,1582
126604,1583
127646,1584
129022,1585
129212,1586
129407,1587
130930,1588
135861,1589
136611,1590
142463,1591
143316,1592
405587,1593
148922,1594
164310,1595
164450,1596
164627,1597
166270,1598
169914,1599
171506,1600
174713,1601
178460,1602
179386,1603
181749,1604
195670,1605
199677,1606
232961,1607
12,1608
319,1609
675,1610
707,1611
737,1612
770,1613
994,1614
1152,1615
1160,1616
1193,1617
1209,1618
1508,1619
1523,1620
1577,1621
1706,1622
1822,1623
2601,1624
2896,1625
3339,1626
3384,1627
3389,1628
3433,1629
3734,1630
4249,1631
4339,1632
4572,1633
4615,1634
5155,1635
5450,1636
5630,1637
5775,1638
5830,1639
5848,1640
6067,1641
6095,1642
6209,1643
6452,1644
6727,1645
6778,1646
6857,1647
7100,1648
7241,1649
7311,1650
7848,1651
7915,1652
8365,1653
8510,1654
8655,1655
8713,1656
8759,1657
9013,1658
9089,1659
9289,1660
9368,1661
9592,1662
9664,1663
9673,1664
9707,1665
10066,1666
10494,1667
10588,1668
10604,1669
10957,1670
10965,1671
11562,1672
274526,1673
12602,1674
12697,1675
12736,1676
12917,1677
12974,1678
12992,1679
13030,1680
13143,1681
13187,1682
13433,1683
13656,1684
13688,1685
13822,1686
13824,1687
13870,1688
13979,1689
14320,1690
14613,1691
14683,1692
14728,1693
15286,1694
16108,1695
16584,1696
17542,1697
18247,1698
18541,1699
18926,1700
19054,1701
19100,1702
19493,1703
20146,1704
20160,1705
20402,1706
21753,1707
22378,1708
23346,1709
23351,1710
23622,1711
23984,1712
24395,1713
24770,1714
24900,1715
25020,1716
25112,1717
25114,1718
25319,1719
25606,1720
25899,1721
26369,1722
288941,1723
28201,1724
28521,1725
29091,1726
29097,1727
29216,1728
29308,1729
29501,1730
30337,1731
31082,1732
31142,1733
31261,1734
31331,1735
31420,1736
31659,1737
31756,1738
31789,1739
31986,1740
32007,1741
32072,1742
32313,1743
32584,1744
32888,1745
32950,1746
33297,1747
33321,1748
33484,1749
34061,1750
34291,1751
34564,1752
34753,1753
35370,1754
35495,1755
35872,1756
35981,1757
36179,1758
36319,1759
36409,1760
36515,1761
36784,1762
36794,1763
36925,1764
37419,1765
40639,1766
42187,1767
42779,1768
43624,1769
43999,1770
46298,1771
46791,1772
46841,1773
47306,1774
47386,1775
47750,1776
48391,1777
48927,1778
49806,1779
51096,1780
51499,1781
55586,1782
56241,1783
56997,1784
319850,1785
57917,1786
57932,1787
58114,1788
59627,1789
59931,1790
60189,1791
60727,1792
60769,1793
62763,1794
64094,1795
64149,1796
64641,1797
65085,1798
66175,1799
66753,1800
66997,1801
68303,1802
68627,1803
68755,1804
69502,1805
70235,1806
70522,1807
70815,1808
70891,1809
71745,1810
71935,1811
72561,1812
336354,1813
74561,1814
74984,1815
75688,1816
75832,1817
78211,1818
79856,1819
79886,1820
79964,1821
80131,1822
80501,1823
80936,1824
81155,1825
81175,1826
81341,1827
81976,1828
82312,1829
83537,1830
83667,1831
84054,1832
84228,1833
84417,1834
86161,1835
86488,1836
86762,1837
88485,1838
88878,1839
89047,1840
89838,1841
90266,1842
90398,1843
90561,1844
92076,1845
92881,1846
94068,1847
94811,1848
96787,1849
97404,1850
98396,1851
100315,1852
104427,1853
108592,1854
111492,1855
374959,1856
375205,1857
375868,1858
376089,1859
376193,1860
376993,1861
377156,1862
116141,1863
378695,1864
382351,1865
121104,1866
122001,1867
384862,1868
125512,1869
125749,1870
126038,1871
126076,1872
126190,1873
128318,1874
128457,1875
128782,1876
129759,1877
129944,1878
392143,1879
133041,1880
133940,1881
135708,1882
135871,1883
135872,1884
135911,1885
399559,1886
137550,1887
142437,1888
404952,1889
405952,1890
151676,1891
152883,1892
418039,1893
157864,1894
162895,1895
164710,1896
164712,1897
165862,1898
165908,1899
166101,1900
166527,1901
167659,1902
167765,1903
168032,1904
171583,1905
173026,1906
173413,1907
175333,1908
176018,1909
178181,1910
178612,1911
189297,1912
196215,1913
196226,1914
196543,1915
197344,1916
202042,1917
480711,1918
228568,1919
232957,1920
245489,1921
252709,1922
71,1923
124,1924
195,1925
213,1926
273,1927
294,1928
350,1929
393,1930
543,1931
567,1932
581,1933
597,1934
645,1935
670,1936
815,1937
837,1938
1234,1939
1306,1940
1652,1941
1985,1942
2195,1943
2444,1944
2537,1945
2743,1946
2990,1947
3001,1948
3083,1949
3118,1950
3191,1951
3199,1952
3253,1953
3401,1954
3440,1955
3462,1956
3535,1957
3646,1958
3857,1959
4717,1960
4735,1961
4782,1962
4869,1963
5115,1964
5176,1965
5236,1966
5323,1967
5584,1968
5926,1969
6040,1970
6069,1971
6279,1972
6292,1973
6313,1974
6408,1975
6430,1976
6462,1977
6567,1978
6688,1979
6715,1980
6721,1981
6938,1982
7323,1983
7393,1984
7460,1985
7572,1986
7707,1987
7770,1988
7790,1989
7825,1990
7891,1991
8005,1992
8048,1993
8174,1994
8179,1995
8298,1996
8319,1997
8359,1998
8448,1999
8477,2000
8565,2001
8756,2002
9027,2003
9031,2004
9145,2005
9148,2006
9322,2007
9523,2008
9552,2009
9681,2010
9867,2011
10007,2012
10130,2013
10152,2014
10185,2015
10232,2016
10275,2017
10296,2018
10298,2019
10299,2020
10318,2021
10485,2022
10559,2023
10605,2024
10674,2025
10729,2026
10867,2027
10877,2028
10969,2029
10982,2030
11319,2031
11333,2032
11718,2033
11732,2034
11734,2035
11740,2036
11780,2037
11791,2038
11809,2039
11983,2040
11989,2041
12000,2042
12135,2043
12254,2044
12256,2045
12327,2046
12405,2047
12490,2048
12624,2049
12865,2050
12889,2051
12963,2052
13220,2053
13287,2054
13510,2055
13839,2056
13958,2057
14106,2058
14238,2059
14261,2060
14284,2061
14531,2062
14609,2063
14636,2064
14747,2065
14851,2066
14856,2067
15144,2068
15389,2069
15574,2070
15734,2071
15858,2072
16082,2073
16511,2074
16819,2075
16826,2076
16918,2077
17435,2078
17704,2079
17952,2080
18067,2081
18349,2082
18846,2083
19231,2084
19243,2085
19324,2086
19524,2087
19553,2088
19588,2089
19597,2090
19659,2091
20108,2092
20499,2093
20651,2094
20756,2095
20846,2096
21388,2097
21437,2098
22951,2099
23311,2100
23493,2101
23508,2102
23514,2103
23652,2104
24463,2105
24613,2106
25074,2107
25349,2108
25967,2109
26077,2110
26525,2111
26604,2112
26806,2113
26918,2114
27802,2115
27995,2116
29042,2117
29373,2118
29403,2119
30089,2120
30725,2121
30732,2122
30863,2123
30878,2124
31057,2125
31071,2126
31163,2127
31323,2128
31337,2129
31638,2130
31722,2131
31881,2132
31889,2133
31951,2134
31954,2135
32082,2136
32126,2137
32180,2138
32221,2139
32446,2140
32606,2141
32628,2142
32658,2143
32698,2144
32775,2145
32845,2146
32948,2147
33008,2148
33043,2149
33083,2150
33386,2151
33440,2152
33800,2153
33818,2154
34131,2155
34156,2156
34462,2157
34511,2158
34669,2159
35324,2160
35332,2161
35463,2162
35803,2163
35829,2164
35945,2165
36055,2166
36075,2167
36094,2168
36118,2169
36148,2170
36210,2171
36266,2172
36332,2173
36342,2174
36379,2175
36386,2176
36411,2177
36561,2178
36772,2179
36883,2180
36918,2181
36936,2182
36978,2183
37038,2184
37962,2185
37968,2186
38186,2187
38354,2188
38645,2189
38861,2190
39090,2191
301329,2192
40195,2193
302429,2194
40564,2195
41043,2196
41144,2197
41310,2198
41515,2199
41580,2200
43114,2201
43400,2202
44396,2203
44419,2204
44781,2205
45025,2206
45071,2207
46209,2208
46282,2209
46286,2210
46654,2211
46660,2212
46941,2213
47089,2214
47110,2215
47794,2216
47889,2217
48286,2218
49079,2219
50514,2220
50534,2221
51140,2222
51406,2223
51438,2224
51537,2225
51686,2226
52340,2227
53025,2228
53354,2229
54350,2230
54365,2231
54695,2232
55580,2233
56115,2234
56375,2235
56487,2236
57043,2237
57688,2238
57835,2239
57880,2240
57957,2241
58127,2242
58133,2243
58262,2244
58398,2245
58420,2246
58525,2247
59125,2248
59604,2249
59672,2250
59839,2251
60562,2252
60584,2253
60654,2254
60805,2255
61492,2256
62323,2257
62726,2258
63419,2259
63728,2260
63770,2261
66669,2262
67762,2263
69162,2264
69419,2265
70335,2266
70457,2267
71631,2268
71748,2269
72294,2270
72482,2271
73139,2272
73403,2273
73775,2274
75113,2275
76534,2276
76569,2277
76865,2278
77069,2279
78122,2280
78132,2281
79117,2282
79147,2283
79278,2284
79419,2285
79527,2286
79582,2287
79598,2288
79709,2289
79782,2290
79830,2291
79907,2292
80109,2293
80135,2294
81086,2295
82112,2296
82422,2297
84126,2298
84131,2299
84132,2300
84335,2301
84456,2302
84488,2303
84577,2304
84852,2305
85172,2306
85515,2307
85631,2308
86020,2309
86424,2310
86471,2311
86992,2312
87307,2313
87483,2314
88740,2315
88765,2316
89757,2317
89810,2318
90572,2319
93439,2320
94549,2321
95024,2322
95667,2323
98519,2324
98711,2325
99105,2326
100423,2327
101139,2328
101299,2329
102411,2330
104826,2331
106581,2332
109099,2333
109933,2334
110230,2335
111040,2336
111067,2337
375404,2338
376400,2339
376526,2340
376536,2341
376543,2342
376635,2343
377189,2344
116804,2345
116908,2346
379516,2347
117789,2348
118410,2349
118620,2350
118692,2351
119293,2352
381700,2353
381701,2354
384153,2355
125321,2356
125901,2357
125923,2358
126002,2359
126272,2360
126690,2361
389542,2362
128570,2363
128694,2364
128866,2365
128960,2366
129161,2367
129268,2368
129585,2369
131063,2370
131243,2371
131616,2372
133720,2373
133895,2374
133952,2375
134004,2376
134075,2377
134564,2378
134569,2379
135876,2380
136047,2381
398191,2382
136193,2383
136293,2384
136378,2385
139657,2386
402831,2387
404574,2388
142819,2389
142827,2390
144333,2391
146397,2392
148122,2393
410408,2394
149561,2395
149595,2396
150111,2397
412697,2398
151009,2399
152142,2400
158181,2401
158413,2402
421462,2403
160076,2404
160850,2405
161445,2406
162219,2407
163111,2408
163464,2409
164434,2410
165276,2411
167979,2412
169596,2413
169811,2414
171245,2415
171552,2416
173639,2417
174483,2418
174969,2419
175321,2420
175659,2421
175736,2422
181368,2423
181643,2424
181674,2425
195189,2426
195674,2427
195846,2428
196962,2429
197308,2430
198399,2431
199141,2432
201160,2433
206513,2434
208524,2435
209760,2436
210070,2437
223200,2438
226824,2439
232828,2440
234181,2441
236725,2442
247561,2443
248454,2444
252958,2445
143,2446
269,2447
280,2448
513,2449
552,2450
595,2451
606,2452
616,2453
682,2454
1002,2455
1003,2456
1021,2457
1128,2458
1151,2459
1210,2460
1402,2461
1422,2462
1443,2463
1510,2464
1594,2465
1800,2466
1911,2467
1935,2468
2039,2469
2237,2470
2277,2471
2532,2472
2540,2473
2606,2474
2765,2475
2778,2476
2979,2477
3135,2478
3171,2479
3269,2480
3334,2481
3367,2482
3498,2483
3609,2484
265783,2485
4015,2486
4169,2487
4318,2488
4328,2489
4335,2490
4382,2491
4463,2492
4616,2493
4748,2494
5061,2495
5067,2496
5073,2497
5121,2498
5136,2499
5183,2500
267345,2501
5407,2502
5558,2503
5560,2504
5650,2505
5687,2506
5839,2507
5858,2508
6366,2509
6435,2510
6503,2511
6577,2512
6579,2513
6757,2514
6808,2515
6817,2516
6967,2517
7025,2518
7036,2519
7104,2520
7124,2521
7143,2522
7286,2523
7534,2524
7574,2525
7743,2526
8226,2527
8452,2528
8621,2529
9074,2530
9126,2531
9287,2532
9315,2533
9317,2534
9320,2535
9467,2536
9496,2537
9501,2538
9578,2539
9685,2540
9687,2541
9710,2542
9795,2543
9827,2544
9920,2545
9949,2546
10000,2547
10069,2548
10364,2549
10598,2550
10948,2551
10998,2552
11269,2553
11420,2554
11523,2555
11706,2556
11796,2557
12005,2558
12053,2559
12463,2560
12489,2561
12621,2562
12741,2563
12742,2564
12808,2565
12914,2566
13102,2567
13216,2568
13624,2569
13628,2570
13729,2571
13792,2572
13918,2573
14158,2574
14194,2575
14247,2576
14283,2577
14292,2578
14427,2579
14538,2580
14545,2581
14587,2582
14611,2583
14681,2584
14740,2585
14905,2586
14952,2587
15794,2588
15841,2589
15880,2590
17070,2591
17444,2592
18453,2593
18533,2594
18773,2595
19108,2596
19413,2597
19462,2598
19789,2599
19807,2600
19827,2601
19856,2602
20014,2603
20175,2604
20461,2605
21723,2606
21812,2607
22255,2608
22900,2609
23231,2610
24196,2611
24260,2612
24552,2613
24625,2614
24825,2615
25072,2616
25204,2617
25258,2618
25307,2619
25347,2620
25978,2621
26209,2622
26488,2623
26730,2624
26928,2625
27177,2626
27611,2627
27907,2628
28177,2629
28581,2630
29516,2631
29762,2632
29769,2633
29961,2634
30126,2635
30151,2636
30281,2637
30327,2638
30411,2639
30626,2640
30961,2641
31118,2642
31295,2643
31369,2644
31378,2645
31801,2646
31895,2647
31949,2648
32054,2649
32234,2650
32305,2651
32489,2652
32506,2653
32754,2654
32778,2655
32964,2656
33005,2657
33072,2658
33451,2659
33602,2660
34069,2661
34113,2662
34218,2663
34359,2664
34527,2665
34581,2666
35033,2667
35063,2668
35084,2669
35092,2670
35109,2671
35147,2672
35185,2673
35282,2674
35458,2675
35509,2676
35520,2677
35628,2678
35656,2679
35787,2680
35805,2681
35810,2682
35886,2683
36009,2684
36053,2685
36088,2686
36457,2687
36464,2688
36521,2689
36613,2690
36706,2691
36958,2692
38074,2693
38133,2694
38185,2695
300458,2696
38881,2697
38992,2698
39078,2699
39308,2700
39661,2701
40507,2702
40540,2703
40588,2704
41726,2705
42000,2706
42188,2707
43298,2708
43670,2709
43728,2710
44216,2711
44356,2712
44544,2713
45230,2714
45850,2715
46566,2716
46778,2717
47460,2718
47534,2719
47585,2720
47614,2721
47859,2722
47913,2723
310373,2724
48508,2725
48670,2726
48859,2727
49061,2728
49125,2729
50994,2730
51114,2731
52319,2732
53182,2733
54409,2734
54952,2735
57473,2736
57559,2737
57590,2738
58126,2739
58152,2740
58171,2741
58276,2742
58376,2743
58582,2744
58739,2745
59656,2746
59900,2747
60810,2748
61522,2749
61987,2750
62707,2751
63109,2752
63721,2753
63799,2754
64551,2755
64798,2756
65098,2757
66439,2758
66763,2759
66764,2760
67763,2761
67857,2762
68351,2763
330567,2764
69075,2765
69168,2766
69403,2767
69537,2768
70204,2769
333182,2770
71417,2771
71672,2772
71746,2773
71856,2774
72363,2775
72875,2776
73711,2777
74011,2778
74268,2779
75143,2780
75556,2781
75962,2782
76977,2783
77394,2784
77839,2785
77847,2786
78317,2787
78441,2788
79110,2789
79214,2790
79515,2791
79572,2792
79755,2793
79898,2794
79995,2795
80246,2796
80718,2797
80720,2798
81444,2799
81689,2800
81802,2801
81968,2802
82087,2803
82386,2804
82493,2805
82552,2806
82606,2807
82798,2808
83249,2809
83491,2810
83711,2811
84010,2812
84289,2813
84367,2814
84639,2815
84752,2816
84788,2817
84794,2818
84930,2819
85046,2820
86518,2821
86596,2822
86905,2823
87716,2824
88768,2825
89808,2826
90138,2827
352305,2828
90311,2829
90409,2830
90443,2831
90602,2832
92445,2833
94370,2834
94524,2835
99005,2836
99988,2837
101700,2838
104114,2839
106787,2840
107119,2841
107455,2842
110472,2843
112510,2844
374987,2845
375067,2846
375344,2847
375428,2848
375531,2849
375780,2850
375872,2851
375973,2852
375997,2853
376198,2854
376407,2855
114476,2856
377482,2857
377531,2858
377677,2859
116311,2860
379023,2861
380072,2862
380079,2863
118398,2864
380744,2865
381104,2866
119887,2867
382224,2868
120980,2869
384104,2870
124522,2871
125784,2872
125967,2873
126227,2874
126676,2875
128351,2876
128541,2877
128872,2878
128911,2879
129399,2880
130480,2881
130822,2882
130823,2883
131008,2884
131014,2885
131182,2886
131421,2887
393606,2888
131617,2889
131965,2890
132167,2891
133001,2892
133077,2893
133119,2894
133634,2895
133704,2896
133817,2897
133918,2898
134331,2899
134733,2900
396882,2901
134996,2902
397715,2903
135638,2904
398015,2905
135938,2906
398287,2907
136155,2908
136539,2909
136585,2910
137573,2911
137676,2912
137798,2913
139654,2914
141367,2915
141997,2916
142719,2917
405347,2918
407786,2919
146889,2920
147057,2921
149371,2922
150118,2923
150434,2924
151080,2925
151085,2926
155215,2927
418342,2928
420344,2929
158653,2930
160119,2931
160836,2932
161044,2933
162464,2934
162877,2935
162878,2936
164340,2937
165182,2938
166229,2939
167829,2940
168785,2941
171106,2942
171524,2943
171660,2944
173266,2945
174426,2946
177369,2947
179886,2948
181412,2949
181672,2950
181741,2951
447449,2952
195393,2953
196284,2954
198457,2955
200502,2956
211805,2957
233992,2958
246780,2959
247751,2960
248624,2961
252885,2962
47,2963
153,2964
197,2965
283,2966
326,2967
359,2968
378,2969
525,2970
578,2971
596,2972
688,2973
698,2974
725,2975
869,2976
903,2977
909,2978
914,2979
999,2980
1055,2981
1145,2982
1219,2983
1520,2984
1707,2985
1712,2986
1749,2987
1757,2988
1840,2989
1904,2990
1932,2991
1942,2992
2034,2993
2250,2994
2253,2995
2406,2996
2463,2997
2556,2998
2666,2999
